database_identifier	chemical_formula	smiles	inchi	metabolite_identification	mass_to_charge	fragmentation	modifications	charge	retention_time	taxid	species	database	database_version	reliability	uri	search_engine	search_engine_score	smallmolecule_abundance_sub	smallmolecule_abundance_stdev_sub	smallmolecule_abundance_std_error_sub	Ctrl1_pos	Ctrl2_pos	Ctrl3_pos	Ctrl4_pos	Ctrl5_pos	Ab1_pos	Ab2_pos	Ab3_pos	Ab4_pos	Ab5_pos	Sort1_pos	Sort2_pos	Sort3_pos	Sort4_pos	Sort5_pos	Ab+Sort1_pos	Ab+Sort2_pos	Ab+Sort3_pos	Ab+Sort4_pos	Ab+Sort5_pos
CHEBI:75145	C8H17NO2	CCCCCCC(N)C(O)=O	InChI=1S/C8H17NO2/c1-2-3-4-5-6-7(9)8(10)11/h7H,2-6,9H2,1H3,(H,10,11)	Aminocaprylic acid	159.1261			positive	0.21595229	NCBITAXON:http://purl.bioontology.org/ontology/NCBITAXON/10090	Mus musculus										0	0	0	0	0	0	0	0	0	0	0	41559	0	0	0	1276176.35	44810	1734822	519215.429	26305
CHEBI:82387	C11H23NO2	NCCCCCCCCCCC(O)=O	InChI=1S/C11H23NO2/c12-10-8-6-4-2-1-3-5-7-9-11(13)14/h1-10,12H2,(H,13,14)	11-Aminoundecanoic acid	201.1735			positive	0.21759745	NCBITAXON:http://purl.bioontology.org/ontology/NCBITAXON/10090	Mus musculus										15641	13081	13222	10311	8112	0	0	0	0	0	0	0	0	0	0	0	0	0	0	0
CHEBI:17207	C6H8O4	OC(=O)CCC(=C)C(O)=O	InChI=1S/C6H8O4/c1-4(6(9)10)2-3-5(7)8/h1-3H2,(H,7,8)(H,9,10)	2-Methyleneglutarate	144.0422			positive	0.21799779	NCBITAXON:http://purl.bioontology.org/ontology/NCBITAXON/10090	Mus musculus										0	0	0	0	0	0	0	0	0	0	85480	61826	85480	68619.22033	84734	130766	0	0	0	0
CHEBI:16093	C6H8O4	CC(C(O)=O)C(=C)C(O)=O	InChI=1S/C6H8O4/c1-3(5(7)8)4(2)6(9)10/h4H,1H2,2H3,(H,7,8)(H,9,10)	Methylitaconate	144.0422			positive	0.21799779	NCBITAXON:http://purl.bioontology.org/ontology/NCBITAXON/10090	Mus musculus										0	0	0	0	0	0	0	0	0	0	85480	61826	85480	68619.22033	84734	130766	0	0	0	0
CHEBI:37245	C6H8O4	CC(CC(O)=O)=C/C(O)=O	InChI=1S/C6H8O4/c1-4(2-5(7)8)3-6(9)10/h2H,3H2,1H3,(H,7,8)(H,9,10)/b4-2+	3-methylglutaconic acid	144.0422			positive	0.21799779	NCBITAXON:http://purl.bioontology.org/ontology/NCBITAXON/10090	Mus musculus										0	0	0	0	0	0	0	0	0	0	85480	61826	85480	68619.22033	84734	130766	0	0	0	0
				2-methyglutaconic acid	144.0422			positive	0.21799779	NCBITAXON:http://purl.bioontology.org/ontology/NCBITAXON/10090	Mus musculus										0	0	0	0	0	0	0	0	0	0	85480	61826	85480	68619.22033	84734	130766	0	0	0	0
CHEBI:16919	C4H9N3O2	CN(CC(O)=O)C(N)=N	InChI=1S/C4H9N3O2/c1-7(4(5)6)2-3(8)9/h2H2,1H3,(H3,5,6)(H,8,9)	Creatine	131.0694			positive	0.21871753	NCBITAXON:http://purl.bioontology.org/ontology/NCBITAXON/10090	Mus musculus										193694	168221	134142	101244	91838	146324	141417	123910	84275	120296	132881	50130	39924	55073	51261	91219	63653	73129	62285	23353
CHEBI:57593	C4H9N3O2	NC(=[NH2+])NCCC([O-])=O	InChI=1S/C4H9N3O2/c5-4(6)7-2-1-3(8)9/h1-2H2,(H,8,9)(H4,5,6,7)	3-Guanidinopropanoate	131.0694			positive	0.21871753	NCBITAXON:http://purl.bioontology.org/ontology/NCBITAXON/10090	Mus musculus										193694	168221	134142	101244	91838	146324	141417	123910	84275	120296	132881	50130	39924	55073	51261	91219	63653	73129	62285	23353
CHEBI:8217	C9H17N	CC=C[C@H]1CCC[C@@H](C)N1	InChI=1S/C9H17N/c1-3-5-9-7-4-6-8(2)10-9/h3,5,8-10H,4,6-7H2,1-2H3/b5-3+/t8-,9+/m1/s1	Pinidine	139.1363			positive	0.22045134	NCBITAXON:http://purl.bioontology.org/ontology/NCBITAXON/10090	Mus musculus										83276	51484	59681	43107.6206	37705	56960	33380.22764	41252	28406	36582	37967	25285	27300	25265	22177	22273	9791.322363	34572	9704.750317	0
CHEBI:15891	C2H7NO3S	C(CS(O)(=O)=O)N	InChI=1S/C2H7NO3S/c3-1-2-7(4,5)6/h1-3H2,(H,4,5,6)	Taurine	125.0146			positive	0.22625859	NCBITAXON:http://purl.bioontology.org/ontology/NCBITAXON/10090	Mus musculus										33394906	21703644	18038732	13878760	10937584	21947964	14669662	13959221	9394612	13099259	17963962	6081584	5833303	7726686	6617113	10176679	7522754	12704846	9948692	3580281
CHEBI:27570	C6H9N3O2	NC(Cc1c[nH]cn1)C(O)=O	InChI=1S/C6H9N3O2/c7-5(6(10)11)1-4-2-8-3-9-4/h2-3,5H,1,7H2,(H,8,9)(H,10,11)	Histidine	155.0696			positive	0.22664513	NCBITAXON:http://purl.bioontology.org/ontology/NCBITAXON/10090	Mus musculus										21100	15031	16052	15031	15031	17998	14099.04917	16571	13708.40108	11397	10515.93864	14519	10094	10977	12723.70731	14480	13623.80709	16370	12699	7697
CHEBI:16960	C15H23N5O14P2	Nc1ncnc2n(cnc12)[C@@H]1O[C@H](COP(O)(=O)OP(O)(=O)OC[C@H]2OC(O)[C@H](O)[C@@H]2O)[C@@H](O)[C@H]1O	InChI=1S/C15H23N5O14P2/c16-12-7-13(18-3-17-12)20(4-19-7)14-10(23)8(21)5(32-14)1-30-35(26,27)34-36(28,29)31-2-6-9(22)11(24)15(25)33-6/h3-6,8-11,14-15,21-25H,1-2H2,(H,26,27)(H,28,29)(H2,16,17,18)/t5-,6-,8-,9-,10-,11-,14-,15?/m1/s1	ADP-ribose	559.0701			positive	0.24303897	NCBITAXON:http://purl.bioontology.org/ontology/NCBITAXON/10090	Mus musculus										160402	80027.01113	115198	77330.66333	54519.88302	0	0	114186	0	0	72769.86867	67766.92303	63685	71101	83167	0	0	0	0	0
CHEBI:48928	C6H13O10P	O[C@H](COP(O)(O)=O)[C@@H](O)[C@H](O)[C@@H](O)C(O)=O	InChI=1S/C6H13O10P/c7-2(1-16-17(13,14)15)3(8)4(9)5(10)6(11)12/h2-5,7-10H,1H2,(H,11,12)(H2,13,14,15)/t2-,3-,4+,5-/m1/s1	6-Phosphogluconic acid	276.0243			positive	0.26528856	NCBITAXON:http://purl.bioontology.org/ontology/NCBITAXON/10090	Mus musculus										3334966	2286822	2315790	1533321	1332360	2113457	1645739	1344232	1083816	1334102	1703838	659686	633013	764917	715457	992421	837222	1225419	972819	348214
CHEBI:16335	C10H13N5O4	Nc1ncnc2n(cnc12)[C@@H]1O[C@H](CO)[C@@H](O)[C@H]1O	InChI=1S/C10H13N5O4/c11-8-5-9(13-2-12-8)15(3-14-5)10-7(18)6(17)4(1-16)19-10/h2-4,6-7,10,16-18H,1H2,(H2,11,12,13)/t4-,6-,7-,10-/m1/s1	Adenosine	267.0967			positive	0.26815677	NCBITAXON:http://purl.bioontology.org/ontology/NCBITAXON/10090	Mus musculus										6073528	3958146	3974970	2871730	2588475	4087412	3073008	2579275	1966529	2451820	3261778	1272585	1280781	1339149	1416439	1925411	1719795	2236236	2023564	706714
CHEBI:17172	C10H13N5O4	Nc1nc2n(cnc2c(=O)[nH]1)[C@H]1C[C@H](O)[C@@H](CO)O1	InChI=1S/C10H13N5O4/c11-10-13-8-7(9(18)14-10)12-3-15(8)6-1-4(17)5(2-16)19-6/h3-6,16-17H,1-2H2,(H3,11,13,14,18)/t4-,5+,6+/m0/s1	Deoxyguanosine	267.0967			positive	0.26815677	NCBITAXON:http://purl.bioontology.org/ontology/NCBITAXON/10090	Mus musculus										6073528	3958146	3974970	2871730	2588475	4087412	3073008	2579275	1966529	2451820	3261778	1272585	1280781	1339149	1416439	1925411	1719795	2236236	2023564	706714
CHEBI:35280	C7H13NO2	C[N+]1(C)CCC[C@H]1C([O-])=O	InChI=1S/C7H13NO2/c1-8(2)5-3-4-6(8)7(9)10/h6H,3-5H2,1-2H3/t6-/m0/s1	Proline Betaine	143.0945			positive	0.27279678	NCBITAXON:http://purl.bioontology.org/ontology/NCBITAXON/10090	Mus musculus										561910	403957	351140	269816	242593	390359	319163	277811	190242	267729	340034	119990	116938	146724	140799	206094	166608	244251	216367	82870
CHEBI:73027	C12H23NO5	CC(C)(O)CC(=O)OC(CC([O-])=O)C[N+](C)(C)C	InChI=1S/C12H23NO5/c1-12(2,17)7-11(16)18-9(6-10(14)15)8-13(3,4)5/h9,17H,6-8H2,1-5H3	3-Hydroxyisovalerylcarnitine	261.1578			positive	0.29257986	NCBITAXON:http://purl.bioontology.org/ontology/NCBITAXON/10090	Mus musculus										78515	56837	52881	34012	29363	62581	40327	30165	20051	42489	69676	6473.680408	10449.44859	18631	6733.905547	27797	0	0	0	0
CHEBI:17368	C5H4N4O	O=c1[nH]cnc2nc[nH]c12	InChI=1S/C5H4N4O/c10-5-3-4(7-1-6-3)8-2-9-5/h1-2H,(H2,6,7,8,9,10)	Hypoxanthine	136.0389			positive	0.3393111	NCBITAXON:http://purl.bioontology.org/ontology/NCBITAXON/10090	Mus musculus										0	0	0	0	0	10527.71997	11070.80224	19744	11972.43061	21617	48469	10889	11606	11606	11148.14928	31805	12728	12823.79039	12909	7161
CHEBI:17509	C11H15N5O3S	CSC[C@H]1O[C@H]([C@H](O)[C@@H]1O)n1cnc2c(N)ncnc12	InChI=1S/C11H15N5O3S/c1-20-2-5-7(17)8(18)11(19-5)16-4-15-6-9(12)13-3-14-10(6)16/h3-5,7-8,11,17-18H,2H2,1H3,(H2,12,13,14)/t5-,7-,8-,11-/m1/s1	5'-Methylthioadenosine	297.0896			positive	0.61664104	NCBITAXON:http://purl.bioontology.org/ontology/NCBITAXON/10090	Mus musculus										27913	32174	43648	27913	37604.31249	29668	22335	35690.57329	17024	37766	26363	18435	20239.06365	21779	23438	0	0	0	27720	0
				Indoxylsulfuric acid	213.0089			positive	0.83157814	NCBITAXON:http://purl.bioontology.org/ontology/NCBITAXON/10090	Mus musculus										0	0	0	0	8878	14363	10444	9067	11925.37514	11512	8917.709731	6610	8346	9341	9572	12995.70109	9883	16609	8981	9401.238802
CHEBI:43103	C10H13NO2	N[C@@H](CCc1ccccc1)C(O)=O	InChI=1S/C10H13NO2/c11-9(10(12)13)7-6-8-4-2-1-3-5-8/h1-5,9H,6-7,11H2,(H,12,13)/t9-/m0/s1	Homophenylalanine	179.0955			positive	0.8670993	NCBITAXON:http://purl.bioontology.org/ontology/NCBITAXON/10090	Mus musculus										37855	8578	8578	1752	8578	0	0	0	0	0	0	0	0	0	0	7788	0	0	0	0
				28-Glucosy-glucosyloleanolic acid 3-glucosy-arabinosy-glucuronide	1250.5974			positive	1.8044472	NCBITAXON:http://purl.bioontology.org/ontology/NCBITAXON/10090	Mus musculus										6827	11691	11527.17734	9047.214338	11114	0	0	0	0	0	4393	2949.706788	2891.14148	5359	2274.500709	0	0	0	6725	0
				Ganglioside GD1 (d30:0)	1753.8943			positive	2.878276	NCBITAXON:http://purl.bioontology.org/ontology/NCBITAXON/10090	Mus musculus										2526552	924622	1092589	1999354	1189665	2785169	1447497	1274853	1038414	1171585	515746	655323	483107	482948	723519	1919712	811807	1420479	780287	797425.7534
CHEBI:73039	C15H29NO4	CCCCCCCC(=O)OC(CC([O-])=O)C[N+](C)(C)C	InChI=1S/C15H29NO4/c1-5-6-7-8-9-10-15(19)20-13(11-14(17)18)12-16(2,3)4/h13H,5-12H2,1-4H3	Octanoylcarnitine	287.2092			positive	3.1475906	NCBITAXON:http://purl.bioontology.org/ontology/NCBITAXON/10090	Mus musculus										0.030113674	0.013897895	0.014392037	0.010601808	0.010474067	0.018529361	0.014049664	0.007971999	0.008979145	0.013672868	0.010188722	0.003566756	0.002602113	0.004406207	0.005153727	0.00650389	0.005545274	0.006195067	0.005025445	0.001731879
				N-Acetyphenylalanine	207.0902			positive	3.3793528	NCBITAXON:http://purl.bioontology.org/ontology/NCBITAXON/10090	Mus musculus										0.00642294	0.004291997	0.005504315	0.002912957	0.003936397	0.005609862	0.00332136	0.003351504	0.00244929	0.003250347	0.002222565	9.16052E-4	5.51963E-4	1.41686E-4	0.001254541	0.001985711	0.001009066	7.27719E-4	0.001009066	0.001009066
CHEBI:88550	C11H13NO3	C(CNC(=O)CCC=1C=CC=CC1)(=O)O	InChI=1S/C11H13NO3/c13-10(12-8-11(14)15)7-6-9-4-2-1-3-5-9/h1-5H,6-8H2,(H,12,13)(H,14,15)	Phenylpropionylglycine	207.0902			positive	3.3793528	NCBITAXON:http://purl.bioontology.org/ontology/NCBITAXON/10090	Mus musculus										0.00642294	0.004291997	0.005504315	0.002912957	0.003936397	0.005609862	0.00332136	0.003351504	0.00244929	0.003250347	0.002222565	9.16052E-4	5.51963E-4	1.41686E-4	0.001254541	0.001985711	0.001009066	7.27719E-4	0.001009066	0.001009066
CSID 259558	C13H25NO2	CN(C(=O)CCCCCCCCC=C)OC	InChI=1/C13H25NO2/c1-4-5-6-7-8-9-10-11-12-13(15)14(2)16-3/h4H,1,5-12H2,2-3H3	N-methylundec-10-enamide	197.1783			positive	3.6084905	NCBITAXON:http://purl.bioontology.org/ontology/NCBITAXON/10090	Mus musculus										44432	40891	46655	25554	32831.20608	33904.78068	26357	44019	43946	27850	67329	59805	100158	71394.02596	48750	48380	87041	61374	64789	24246
CHEBI:28828	C13H17NO4	CCOC(=O)[C@H](Cc1ccc(O)cc1)NC(C)=O	InChI=1S/C13H17NO4/c1-3-18-13(17)12(14-9(2)15)8-10-4-6-11(16)7-5-10/h4-7,12,16H,3,8H2,1-2H3,(H,14,15)/t12-/m0/s1	Acetyl-Tyrosine ethyl ester	251.1164			positive	3.7492726	NCBITAXON:http://purl.bioontology.org/ontology/NCBITAXON/10090	Mus musculus										3908704	1676156	1623898	2968277	1886333	4461124	2429806	1997316	1743649	1998991	1079456	1140322	1041336	1036217	1467237	3487413	1726571	2456165	1799606	456951
CSID 362213	C13H27NO2	CCCCCCCCCCCC(C(=O)O)N	InChI=1/C13H27NO2/c1-2-3-4-5-6-7-8-9-10-11-12(14)13(15)16/h12H,2-11,14H2,1H3,(H,15,16)	2-Aminotridecanoic acid	229.2045			positive	3.7810884	NCBITAXON:http://purl.bioontology.org/ontology/NCBITAXON/10090	Mus musculus										4419.004165	3868.232939	7940	7535.641121	12396	6612	10577	14568	10577	10577	14794	20058	17042.32741	17598	16561	13302	31280.53958	28913	32216	14632
CHEBI:72812				OxoODE	294.2192			positive	3.8557935	NCBITAXON:http://purl.bioontology.org/ontology/NCBITAXON/10090	Mus musculus										9910	11312.96963	11544	11003	11003	10413	10413	19554	19256	15231.28725	27253	15945	18410	22803	12912	15393	22486	30464	26055	7855
CHEBI:72804				HOTrE	294.2192			positive	3.8557935	NCBITAXON:http://purl.bioontology.org/ontology/NCBITAXON/10090	Mus musculus										9910	11312.96963	11544	11003	11003	10413	10413	19554	19256	15231.28725	27253	15945	18410	22803	12912	15393	22486	30464	26055	7855
CSID 8645139	C18H30O3	CC/C=C\CC(/C=C/C=C\CCCCCCCC(=O)O)O	InChI=1/C18H30O3/c1-2-3-11-14-17(19)15-12-9-7-5-4-6-8-10-13-16-18(20)21/h3,7,9,11-12,15,17,19H,2,4-6,8,10,13-14,16H2,1H3,(H,20,21)/b9-7-,11-3-,15-12+	HOTE	294.2192			positive	3.8557935	NCBITAXON:http://purl.bioontology.org/ontology/NCBITAXON/10090	Mus musculus										9910	11312.96963	11544	11003	11003	10413	10413	19554	19256	15231.28725	27253	15945	18410	22803	12912	15393	22486	30464	26055	7855
				EpODE	294.2192			positive	3.8557935	NCBITAXON:http://purl.bioontology.org/ontology/NCBITAXON/10090	Mus musculus										9910	11312.96963	11544	11003	11003	10413	10413	19554	19256	15231.28725	27253	15945	18410	22803	12912	15393	22486	30464	26055	7855
CHEBI:58972	C9H14O2	CCCCCC(=O)C=CC=O	InChI=1S/C9H14O2/c1-2-3-4-6-9(11)7-5-8-10/h5,7-8H,2-4,6H2,1H3/b7-5+	4-oxo-2-Nonenal	154.1001			positive	4.0801935	NCBITAXON:http://purl.bioontology.org/ontology/NCBITAXON/10090	Mus musculus										0	0	0	0	92530	0	0	0	0	0	232167	209327.1924	177395	177395	112511	182903	177780	180646.3445	182903	159774
CHEBI:46961	C18H39NO3	CCCCCCCCCCCCCC[C@@H](O)[C@@H](O)[C@@H](N)CO	InChI=1S/C18H39NO3/c1-2-3-4-5-6-7-8-9-10-11-12-13-14-17(21)18(22)16(19)15-20/h16-18,20-22H,2-15,19H2,1H3/t16-,17+,18-/m0/s1	Phytosphingosine	317.2928			positive	4.3708143	NCBITAXON:http://purl.bioontology.org/ontology/NCBITAXON/10090	Mus musculus										0	0	0	0	0	0	0	0	0	0	97703	94135	112432	94135	94135	30002	30069.37775	30002	30096	12371
CHEBI:2700	C22H37NO2	C(CCC)C/C=CC/C=CC/C=CC/C=CCCCC(NCCO)=O	InChI=1S/C22H37NO2/c1-2-3-4-5-6-7-8-9-10-11-12-13-14-15-16-17-18-19-22(25)23-20-21-24/h6-7,9-10,12-13,15-16,24H,2-5,8,11,14,17-21H2,1H3,(H,23,25)/b7-6-,10-9-,13-12-,16-15-	Anandamide (20:4, n-6)	347.282			positive	4.680768	NCBITAXON:http://purl.bioontology.org/ontology/NCBITAXON/10090	Mus musculus										0	0	0	0	0	0	0	0	0	0	39805	54267.7373	74488	67780	79000	99509	68894	86023.24805	99509	43315
CHEBI:63874	C18H35NO4	CC(C)CCCC(C)CCC(=O)OC(CC([O-])=O)C[N+](C)(C)C	InChI=1S/C18H35NO4/c1-14(2)8-7-9-15(3)10-11-18(22)23-16(12-17(20)21)13-19(4,5)6/h14-16H,7-13H2,1-6H3	4,8 dimethylnonanoyl carnitine	329.2561			positive	4.721948	NCBITAXON:http://purl.bioontology.org/ontology/NCBITAXON/10090	Mus musculus										91580	68111	73159	81266	68284	92654	84460	57524	83542	87422	0	0	0	71728	0	89852	60980	89577	73210.16523	60980
				delta-CEHC	250.1207			positive	4.8733354	NCBITAXON:http://purl.bioontology.org/ontology/NCBITAXON/10090	Mus musculus										0	0	0	0	0	37656	44439	61138	44439	44439	91009	93157	91009	96463	94886.61176	87108.38711	85861	87573	96115	64899
CHEBI:46234	C14H18O4	COC1=C(OC)C(=O)C(CC=C(C)C)=C(C)C1=O	InChI=1S/C14H18O4/c1-8(2)6-7-10-9(3)11(15)13(17-4)14(18-5)12(10)16/h6H,7H2,1-5H3	Ubiquinone-1	250.1207			positive	4.8733354	NCBITAXON:http://purl.bioontology.org/ontology/NCBITAXON/10090	Mus musculus										0	0	0	0	0	37656	44439	61138	44439	44439	91009	93157	91009	96463	94886.61176	87108.38711	85861	87573	96115	64899
CSID 21467440	C23H34O3	CC/C=C\C/C=C\C/C=C\C/C=C\C/C=C\CC1C(O1)CCC(=O)OC	InChI=1/C23H34O3/c1-3-4-5-6-7-8-9-10-11-12-13-14-15-16-17-18-21-22(26-21)19-20-23(24)25-2/h4-5,7-8,10-11,13-14,16-17,21-22H,3,6,9,12,15,18-20H2,1-2H3/b5-4-,8-7-,11-10-,14-13-,17-16-	4-EpDPE methyl ester	358.2506			positive	5.0861382	NCBITAXON:http://purl.bioontology.org/ontology/NCBITAXON/10090	Mus musculus										747444	1495202	1494526	1210012	1356510	813763	672473	843364	1703805	985838	1649512	5954073	2305128.769	1843980	2704579	2551875	1734313	4383373	1570799	3932912
CHEBI:32389	C18H28O2	CCC=C/CC=C/CC=C/CC=C/CCCCC(O)=O	InChI=1S/C18H28O2/c1-2-3-4-5-6-7-8-9-10-11-12-13-14-15-16-17-18(19)20/h3-4,6-7,9-10,12-13H,2,5,8,11,14-17H2,1H3,(H,19,20)/b4-3-,7-6-,10-9-,13-12-	Stearidonic acid	276.2092			positive	5.337655	NCBITAXON:http://purl.bioontology.org/ontology/NCBITAXON/10090	Mus musculus										25325.41243	77487	26872	23751	38785	34376	69633	49090	30084	30089	12821	5270	7884.37401	6610	9512	10703	8380	9794	5893	7251.76745
CHEBI:73072	C25H45NO4	CCCCCC=C/CC=C/CCCCCCCC(=O)OC(CC([O-])=O)C[N+](C)(C)C	InChI=1S/C25H45NO4/c1-5-6-7-8-9-10-11-12-13-14-15-16-17-18-19-20-25(29)30-23(21-24(27)28)22-26(2,3)4/h9-10,12-13,23H,5-8,11,14-22H2,1-4H3/b10-9-,13-12-	Linoleyl carnitine	423.3348			positive	5.423411	NCBITAXON:http://purl.bioontology.org/ontology/NCBITAXON/10090	Mus musculus										0	0	0	0	0	0	0	0	8336	0	0	0	0	0	6237	6791.458052	5405	6812.748326	8065	8876
CHEBI:72715	C25H45NO4	CCCCCC=CCC=CCCCCCCCC(=O)OC(CC([O-])=O)C[N+](C)(C)C	InChI=1S/C25H45NO4/c1-5-6-7-8-9-10-11-12-13-14-15-16-17-18-19-20-25(29)30-23(21-24(27)28)22-26(2,3)4/h9-10,12-13,23H,5-8,11,14-22H2,1-4H3/b10-9+,13-12+	Linoelaidyl carnitine	423.3348			positive	5.423411	NCBITAXON:http://purl.bioontology.org/ontology/NCBITAXON/10090	Mus musculus										0	0	0	0	0	0	0	0	8336	0	0	0	0	0	6237	6791.458052	5405	6812.748326	8065	8876
CHEBI:86397	C23H36O4	[*]OCC(CO[*])O[*]		MG(20:5)	376.2613			positive	5.556744	NCBITAXON:http://purl.bioontology.org/ontology/NCBITAXON/10090	Mus musculus										182294	199386	176246	205498	153638	201619	182830	165707	152168	153116	64143	64655	62557	47377	54924.59286	155449	105543	143629	89421	98187.21139
CHEBI:72856	C20H34O3	C(CCC(O)=O)C(/C=C/C=CC/C=CCCCCCCCC)O	InChI=1S/C20H34O3/c1-2-3-4-5-6-7-8-9-10-11-12-13-14-16-19(21)17-15-18-20(22)23/h9-10,12-14,16,19,21H,2-8,11,15,17-18H2,1H3,(H,22,23)/b10-9-,13-12-,16-14+	5-HETrE	322.2503			positive	5.5761595	NCBITAXON:http://purl.bioontology.org/ontology/NCBITAXON/10090	Mus musculus										11985478	7109420	7165550	10475332	5753681	8783566	5979241	4860044	4174460	5703776	2131508	2275567	2089360	2841235	2797259	5197684	2345794	3861177	3040419	1079149
CHEBI:72866	C20H34O3	CCCCCC=C/CC=C/C=C/C(O)CCCCCCC(O)=O	InChI=1S/C20H34O3/c1-2-3-4-5-6-7-8-9-10-13-16-19(21)17-14-11-12-15-18-20(22)23/h6-7,9-10,13,16,19,21H,2-5,8,11-12,14-15,17-18H2,1H3,(H,22,23)/b7-6-,10-9-,16-13+	8-HETrE	322.2503			positive	5.5761595	NCBITAXON:http://purl.bioontology.org/ontology/NCBITAXON/10090	Mus musculus										11985478	7109420	7165550	10475332	5753681	8783566	5979241	4860044	4174460	5703776	2131508	2275567	2089360	2841235	2797259	5197684	2345794	3861177	3040419	1079149
				12-HETrE	322.2503			positive	5.5761595	NCBITAXON:http://purl.bioontology.org/ontology/NCBITAXON/10090	Mus musculus										11985478	7109420	7165550	10475332	5753681	8783566	5979241	4860044	4174460	5703776	2131508	2275567	2089360	2841235	2797259	5197684	2345794	3861177	3040419	1079149
CHEBI:72644	C20H34O3	CCCCCC(O)C=CC=C/CC=C/CCCCCCC(O)=O	InChI=1S/C20H34O3/c1-2-3-13-16-19(21)17-14-11-9-7-5-4-6-8-10-12-15-18-20(22)23/h4-5,9,11,14,17,19,21H,2-3,6-8,10,12-13,15-16,18H2,1H3,(H,22,23)/b5-4-,11-9-,17-14+	15HETrE	322.2503			positive	5.5761595	NCBITAXON:http://purl.bioontology.org/ontology/NCBITAXON/10090	Mus musculus										11985478	7109420	7165550	10475332	5753681	8783566	5979241	4860044	4174460	5703776	2131508	2275567	2089360	2841235	2797259	5197684	2345794	3861177	3040419	1079149
				Pantetheine 4'-p	358.0982			positive	5.587387	NCBITAXON:http://purl.bioontology.org/ontology/NCBITAXON/10090	Mus musculus										9443	0	0	0	0	8643	8643	10380	8344	8480.083808	25843	13336.42185	14531	14787	12564	13870	18117	20002	23255	12635
				12-HETE-GABA	405.2875			positive	5.638127	NCBITAXON:http://purl.bioontology.org/ontology/NCBITAXON/10090	Mus musculus										2186636	1276965	1285232	1485902	992746	1785378	1053077	1168364	592958	1001165	422289	477809	198318	367149	480876	1088548	453226	821146	421147	208827
				15-HETE-GABA	405.2875			positive	5.638127	NCBITAXON:http://purl.bioontology.org/ontology/NCBITAXON/10090	Mus musculus										2186636	1276965	1285232	1485902	992746	1785378	1053077	1168364	592958	1001165	422289	477809	198318	367149	480876	1088548	453226	821146	421147	208827
CHEBI:61234				Octadecadiynoic acid	276.209			positive	5.7616534	NCBITAXON:http://purl.bioontology.org/ontology/NCBITAXON/10090	Mus musculus										42982.98559	38761	46347	38528	29328	52500	51818	45926	39639	28302	30532	18044	19502	20262.38354	23955	36744	34104	35035	17785	25898.71413
				LysoPE(24:6)	553.3145			positive	5.8415804	NCBITAXON:http://purl.bioontology.org/ontology/NCBITAXON/10090	Mus musculus										51881	21379	25086	14844	13874	33465	17426	13287	10984	10186	44002	5118	4785	4955.811972	5031	6951.612678	4043	8862	4829	2592
				5-HETE-d8	312.1739			positive	5.896291	NCBITAXON:http://purl.bioontology.org/ontology/NCBITAXON/10090	Mus musculus										81649	39401	44982	78147	38506	51432	38157	35568	35301	36652.78262	0	0	0	0	0	0	0	0	0	0
CHEBI:17713	C10H14N5O6P	Nc1ncnc2n(cnc12)[C@H]1C[C@H](O)[C@@H](COP(O)(O)=O)O1	InChI=1S/C10H14N5O6P/c11-9-8-10(13-3-12-9)15(4-14-8)7-1-5(16)6(21-7)2-20-22(17,18)19/h3-7,16H,1-2H2,(H2,11,12,13)(H2,17,18,19)/t5-,6+,7+/m0/s1	dAMP	331.0687			positive	5.9629955	NCBITAXON:http://purl.bioontology.org/ontology/NCBITAXON/10090	Mus musculus										0	5994	0	0	0	23325	0	0	0	0	0	0	0	0	0	29350.12407	27493	33136	31056	29109.36211
				Methyl Hexadecenoic acid	268.2408			positive	5.9864106	NCBITAXON:http://purl.bioontology.org/ontology/NCBITAXON/10090	Mus musculus										0	0	3241	0	0	0	0	0	0	0	1782.631362	2578	3414	2818.091832	1271.31887	6281	6928.291846	7431	6759	6759
				Pentadenyl acetate	268.2408			positive	5.9864106	NCBITAXON:http://purl.bioontology.org/ontology/NCBITAXON/10090	Mus musculus										0	0	3241	0	0	0	0	0	0	0	1782.631362	2578	3414	2818.091832	1271.31887	6281	6928.291846	7431	6759	6759
CHEBI:64560	C24H48NO7P	[H][C@@](COC)(COP([O-])(=O)OCC[N+](C)(C)C)OC		LysoPC(16:1)	493.3164			positive	6.0036016	NCBITAXON:http://purl.bioontology.org/ontology/NCBITAXON/10090	Mus musculus										0	0	0	0	0	0	0	0	0	0	25885	0	0	0	0	21773	21185	22727	21617.85679	21185
CHEBI:49253	C18H37O7P	CCCCCCCC[C@H](O)[C@H](CCCCCCCC(O)=O)OP(O)(O)=O	InChI=1S/C18H37O7P/c1-2-3-4-5-7-10-13-16(19)17(25-26(22,23)24)14-11-8-6-9-12-15-18(20)21/h16-17,19H,2-15H2,1H3,(H,20,21)(H2,22,23,24)/t16-,17-/m0/s1	10-Hydroxy-9-(phosphonooxy)octadecanoate	396.2275			positive	6.181574	NCBITAXON:http://purl.bioontology.org/ontology/NCBITAXON/10090	Mus musculus										27931	17068	17068	11013	11013	16999	13861	8168	8168	8168	14712	0	0	0	0	7186	0	0	0	0
				PC(O-18:0)	523.364			positive	6.183954	NCBITAXON:http://purl.bioontology.org/ontology/NCBITAXON/10090	Mus musculus										20403	10953	21656	12736	9121	28154	17569	17745	10283	8788	54914	15922	16281	15086	16983	47434	34703	50294	49290	42037.42644
CHEBI:64561	C26H54NO7P	[H][C@@](COC)(COP([O-])(=O)OCC[N+](C)(C)C)OC		LysoPC(18:0)	523.364			positive	6.183954	NCBITAXON:http://purl.bioontology.org/ontology/NCBITAXON/10090	Mus musculus										20403	10953	21656	12736	9121	28154	17569	17745	10283	8788	54914	15922	16281	15086	16983	47434	34703	50294	49290	42037.42644
				CerP(d26:1)	505.3525			positive	6.3032017	NCBITAXON:http://purl.bioontology.org/ontology/NCBITAXON/10090	Mus musculus										0	5910.72886	5192.827746	11526	11271	23238	13988	14000.31926	15289	14011	16602	11142.57858	8743	10312	12650	17416	21921.70808	17416	23702	17946
CHEBI:85768	C26H52NO6P	[C@](CO*)(O*)([H])COP(OCC[N+](C)(C)C)(=O)[O-]		LysoPC(O-18:2)	505.3525			positive	6.3032017	NCBITAXON:http://purl.bioontology.org/ontology/NCBITAXON/10090	Mus musculus										0	5910.72886	5192.827746	11526	11271	23238	13988	14000.31926	15289	14011	16602	11142.57858	8743	10312	12650	17416	21921.70808	17416	23702	17946
CHEBI:136124	C26H52NO6P	[C@](CO*)(O*)([H])COP(OCC[N+](C)(C)C)(=O)[O-]		LysoPC(P-18:1)	505.3525			positive	6.3032017	NCBITAXON:http://purl.bioontology.org/ontology/NCBITAXON/10090	Mus musculus										0	5910.72886	5192.827746	11526	11271	23238	13988	14000.31926	15289	14011	16602	11142.57858	8743	10312	12650	17416	21921.70808	17416	23702	17946
CHEBI:83049	C21H39NO4	CCCCCCCCCCCC=CC(=O)OC(CC([O-])=O)C[N+](C)(C)C	InChI=1S/C21H39NO4/c1-5-6-7-8-9-10-11-12-13-14-15-16-21(25)26-19(17-20(23)24)18-22(2,3)4/h15-16,19H,5-14,17-18H2,1-4H3	5-Tetradecenoylcarnitine	369.2881			positive	6.3393946	NCBITAXON:http://purl.bioontology.org/ontology/NCBITAXON/10090	Mus musculus										237087	244777	327744	261166	306818	282130	214115	322873	206844	252776	180143	138431	181003	133552	157332	294475	152724	261471	109329	89997
CHEBI:142507	C23H40O5	[C@H]1([C@H]([C@H](C[C@H]1O)O)C/C=C\CCCC(OC(C)C)=O)CCC(CCCCC)=O	InChI=1S/C23H40O5/c1-4-5-8-11-18(24)14-15-20-19(21(25)16-22(20)26)12-9-6-7-10-13-23(27)28-17(2)3/h6,9,17,19-22,25-26H,4-5,7-8,10-16H2,1-3H3/b9-6-/t19-,20-,21+,22-/m1/s1	13,14-dihydro-15-keto PGF2alpha isopropyl ester	396.2876			positive	6.353916	NCBITAXON:http://purl.bioontology.org/ontology/NCBITAXON/10090	Mus musculus										201573	153940	172161	154538	103051	160319	178154	154553	99149	122347	40987	52971	46903	53193	61563	86260	58596	114416	60730	59569.65419
				5-cholestan-heptol	484.3398			positive	6.3701777	NCBITAXON:http://purl.bioontology.org/ontology/NCBITAXON/10090	Mus musculus										3018387	1850192	1863360	2107395	1474206	2523317	1651802	1481379	1015049	1491514	416792.6742	762156	0	333237.5034	745269	1450503	727161	320310.7258	416173.8623	395388.1058
				Stearidonyl carnitine	419.3038			positive	6.4642525	NCBITAXON:http://purl.bioontology.org/ontology/NCBITAXON/10090	Mus musculus										61081	21588	28945	24359	25935	54894	31807	30683	16610	22144	38172	6420	6256	5963	13573	21494	9511	21454	13909	3932
				LysoPE(22:0)	537.3808			positive	6.611038	NCBITAXON:http://purl.bioontology.org/ontology/NCBITAXON/10090	Mus musculus										90330	73026	92757	68718	70129.59784	88751	98778	90473	91801	95633.11938	233073	126396	108221	122062	87708	120995	136442	239303	143949	140216.5622
CHEBI:64446	C46H86NO8P	[H][C@@](COC(C)=O)(COP([O-])(=O)OCC[N+](C)(C)C)OC(C)=O		PC(38:3)	811.6085			positive	7.492701	NCBITAXON:http://purl.bioontology.org/ontology/NCBITAXON/10090	Mus musculus										322543	17437	9581.079697	6836.889139	5713.563483	58732	38396	10689	8352	11222	55122	7126	5357	5357	6200.505988	0	0	0	0	0
				Octadecaprenyl-phospho-ribofuranose	910.6407			positive	7.5170183	NCBITAXON:http://purl.bioontology.org/ontology/NCBITAXON/10090	Mus musculus										0.058224088	0.031820327	0.032546459	0.015980616	0.015398258	0.031086214	0.011080223	0.011808204	0.008848358	0.023370386	0.02924938	0.005269736	0.005275448	0.004496793	0.007541031	0.013675785	0.008354604	0.00780172	0.00468981	0.001646384
				Octadecaprenyl-phospho-arabinofuranose	910.6407			positive	7.5170183	NCBITAXON:http://purl.bioontology.org/ontology/NCBITAXON/10090	Mus musculus										0.058224088	0.031820327	0.032546459	0.015980616	0.015398258	0.031086214	0.011080223	0.011808204	0.008848358	0.023370386	0.02924938	0.005269736	0.005275448	0.004496793	0.007541031	0.013675785	0.008354604	0.00780172	0.00468981	0.001646384
CHEBI:64520	C44H80NO8P	[H][C@@](COC(C)=O)(COP([O-])(=O)OCC[N+](C)(C)C)OC(C)=O		PC(36:4)	781.5602			positive	7.627626	NCBITAXON:http://purl.bioontology.org/ontology/NCBITAXON/10090	Mus musculus										0	0	0	0	0	0	0	0	0	9950	5874	6578	25468	6581.032852	6584	5954.047994	12436	12601	9854.533873	6794.383597
CHEBI:64525	C46H82NO8P	[H][C@@](COC(C)=O)(COP([O-])(=O)OCC[N+](C)(C)C)OC(C)=O		PC(38:5)	807.5761			positive	7.6300893	NCBITAXON:http://purl.bioontology.org/ontology/NCBITAXON/10090	Mus musculus										0	0	25916	0	0	40426	40426	26185	21999	30385.67667	42194	43502	41332	13820	32773.8703	36843.81967	62699.97374	37409.58869	70687	37356
				N-(2-phenoxy-ethyl) arachidonoyl amine	423.3136			positive	7.6856546	NCBITAXON:http://purl.bioontology.org/ontology/NCBITAXON/10090	Mus musculus										14055	15557	8000	11110.14498	8242	21108	10988	11076	10375.4531	9895	0	0	0	0	0	7346	0	0	0	0
CHEBI:64498	C46H78NO8P	[H][C@@](COC(C)=O)(COP([O-])(=O)OCC[N+](C)(C)C)OC(C)=O		PC(38:7)	803.5474			positive	8.758839	NCBITAXON:http://purl.bioontology.org/ontology/NCBITAXON/10090	Mus musculus										30036	9687	7538	5830	7124.094162	5769	11661	6077.948345	5202.633282	5307.268503	0	0	0	3354	0	0	0	0	4271	0
				Arachidonic Acid Leelamide	571.474			positive	9.618949	NCBITAXON:http://purl.bioontology.org/ontology/NCBITAXON/10090	Mus musculus										6431982	3239584	3201997	5899698	3836238	7595882	4325728	3777122	3638344	4016951	1938395	2191172	2249275	2223870.623	2249275	6651889	2931502	3536696.266	4013162	3425017.836
				GalCer(d34:1(2OH)) (3'-sulfo)	795.5181			positive	9.871812	NCBITAXON:http://purl.bioontology.org/ontology/NCBITAXON/10090	Mus musculus										0	0	0	0	5138	11918	11998	4536	8942.446516	6481	12351	13749.56397	16717	13514	13875	11703	16706	37047	14883	15878.99238
CHEBI:71731	C41H72NO8P	[H][C@@](COC([*])=O)(COP([O-])(=O)OCC[NH3+])OC([*])=O		PE(36:5)	737.4973			positive	10.003669	NCBITAXON:http://purl.bioontology.org/ontology/NCBITAXON/10090	Mus musculus										0	0	0	0	0	9959	0	25232	0	0	16025	29372	0	18348.76172	14005.34645	9249	18850	18850	18850	7599
				Cer(d32:1)	509.4794			positive	10.105202	NCBITAXON:http://purl.bioontology.org/ontology/NCBITAXON/10090	Mus musculus										0	0	0	0	0	78687.9871	84783	57637	78889	71924	97858.76727	18017.6581	145027	19034.3388	50718	0	0	29659	0	0
				PC(P-38:2)	797.627			positive	10.138586	NCBITAXON:http://purl.bioontology.org/ontology/NCBITAXON/10090	Mus musculus										9008126	3713015	2515243	1317203	1117898	2224728	3360153	1249315	480881	796032	983519	348720	321381	302316	350040	498699	277320	392757	348827	120188
CHEBI:64519	C46H80NO8P	[H][C@@](COC(C)=O)(COP([O-])(=O)OCC[N+](C)(C)C)OC(C)=O		PC(38:6)	805.5615			positive	10.154593	NCBITAXON:http://purl.bioontology.org/ontology/NCBITAXON/10090	Mus musculus										10962	11921.72445	12204	11543	12717	10911	14732	13986	14883	13938	9969	16011	16290	16100	17180	14670	15190	13690	15488	17020
CHEBI:66848	C40H76NO8P	[H][C@@](COC(C)=O)(COP([O-])(=O)OCC[N+](C)(C)C)OC(C)=O		PC(32:2)	729.5322			positive	10.299433	NCBITAXON:http://purl.bioontology.org/ontology/NCBITAXON/10090	Mus musculus										0	0	0	0	0	8647.060949	10312	6416	9064.484933	11203	12859	9578	8321	6562	8049.314861	8913	12987	10375	12242.30649	12987
CHEBI:64504	C44H78NO8P	[H][C@@](COC([*])=O)(COP([O-])(=O)OCC[N+](C)(C)C)OC([*])=O		PC(36:5)	779.546			positive	10.301068	NCBITAXON:http://purl.bioontology.org/ontology/NCBITAXON/10090	Mus musculus										166320	136613	124765	129142	91925	186829	133202	137386	109158	124341	118770	41165	58472	58119	72395	107006	60434	86540	59229	59828.11916
CHEBI:85776	C48H90NO7P	C[N+](C)(C)CCOP([O-])(=O)OCC(COC=C[*])OC([*])=O		PC(P-40:3)	823.6456			positive	10.3711605	NCBITAXON:http://purl.bioontology.org/ontology/NCBITAXON/10090	Mus musculus										14351	47690	55327	47690	47690	25599	0	0	0	0	81517	0	22654	0	0	0	0	0	5418	0
CHEBI:85571	C48H90NO7P	C[N+](C)(C)CCOP([O-])(=O)OC[C@@H](CO[*])O[*]		PC(O-40:4)	823.6456			positive	10.3711605	NCBITAXON:http://purl.bioontology.org/ontology/NCBITAXON/10090	Mus musculus										14351	47690	55327	47690	47690	25599	0	0	0	0	81517	0	22654	0	0	0	0	0	5418	0
CHEBI:64521	C48H82NO8P	[H][C@@](COC([*])=O)(COP([O-])(=O)OCC[N+](C)(C)C)OC([*])=O		PC(40:7)	831.5754			positive	10.4971075	NCBITAXON:http://purl.bioontology.org/ontology/NCBITAXON/10090	Mus musculus										311558.3556	268491.4509	250901.768	628722	714439	1774462	580425.0633	745633	448781	705831	0	0	0	0	0	1301938	0	677230	0	0
				SM(d40:3)	782.6274			positive	10.508837	NCBITAXON:http://purl.bioontology.org/ontology/NCBITAXON/10090	Mus musculus										187033648	183913552	183310832	173696128	163135376	189068720	168870512	169191984	162509136	163120368	189601104	131228776	132588688	129019304	130359288	165724688	142048096	159550464	133354888	73193192
CHEBI:86976	C37H62O5	[*]OCC(CO[*])O[*]		DG(34:5)	586.4571			positive	10.557582	NCBITAXON:http://purl.bioontology.org/ontology/NCBITAXON/10090	Mus musculus										88072	0	0	0	0	990108	0	0	0	0	199112	162726	165497	212507	180718.6226	161848	267977	252037.161	237858	161028
CHEBI:85777	C42H83NO3	[C@@H]([C@H](C*)NC(=O)*)(O)*		Cer(d42:1)	649.637			positive	10.557929	NCBITAXON:http://purl.bioontology.org/ontology/NCBITAXON/10090	Mus musculus										872385	763631	722085.8028	659525	694454.4703	765951	0	0	0	0	0	0	0	0	0	0	0	0	0	0
CHEBI:72965	C42H83NO3	CCCCCCCCCCCCCCCCCCCCCCCC(=O)N[C@@H](CO)[C@H](O)C=CCCCCCCCCCCCCC	InChI=1S/C42H83NO3/c1-3-5-7-9-11-13-15-17-18-19-20-21-22-23-24-26-28-30-32-34-36-38-42(46)43-40(39-44)41(45)37-35-33-31-29-27-25-16-14-12-10-8-6-4-2/h35,37,40-41,44-45H,3-34,36,38-39H2,1-2H3,(H,43,46)/b37-35+/t40-,41+/m0/s1	N-Lignoceroylsphingosine	649.637			positive	10.557929	NCBITAXON:http://purl.bioontology.org/ontology/NCBITAXON/10090	Mus musculus										872385	763631	722085.8028	659525	694454.4703	765951	0	0	0	0	0	0	0	0	0	0	0	0	0	0
				Cer(d34:1(2OH))	553.5062			positive	10.6770735	NCBITAXON:http://purl.bioontology.org/ontology/NCBITAXON/10090	Mus musculus										0	0	0	0	0	0	0	0	0	0	244581	548971	348971	348971	444336.2897	113090.3589	416714	133343.667	299737.6803	224513
CHEBI:91054	C45H76NO8P	[H][C@@](COC([*])=O)(COP([O-])(=O)OCC[NH3+])OC([*])=O		PE(40:7)	789.5325			positive	10.733747	NCBITAXON:http://purl.bioontology.org/ontology/NCBITAXON/10090	Mus musculus										167680	139703	139703	139703	374848	125763.8106	238367.6601	104139.8807	217511	258236	0	0	0	0	0	0	0	0	0	0
				1-Hexadecyl-2-arachidonoyl-glycerol	602.5281			positive	10.738995	NCBITAXON:http://purl.bioontology.org/ontology/NCBITAXON/10090	Mus musculus										12219361	11260775	11477081	10790824	11282139	11018089	11605834	10366761	10259537	9948078	11318015	8349519	7799492	8381502	8582701	10070590	8499953	9132056	9293208	5342470
CHEBI:66965	C50H88NO8P	C[N+](C)(C)CCOP([O-])(=O)OC[C@@H](COC([*])=O)OC([*])=O		PC(42:6)	861.6266			positive	10.7987995	NCBITAXON:http://purl.bioontology.org/ontology/NCBITAXON/10090	Mus musculus										133795	194686.712	339793	0	0	2687506	0	0	0	0	431317	475497	380997	475497	475497	0	0	0	0	348279
CHEBI:85847	C50H90NO7P	[H][C@@](CO[*])(COP([O-])(=O)OCC[N+](C)(C)C)O[*]		PC(O-42:6)	847.6447			positive	10.873138	NCBITAXON:http://purl.bioontology.org/ontology/NCBITAXON/10090	Mus musculus										0	0	0	0	0	1402457	2106965	2528845	2106965	2106965	3843629	0	0	0	0	2218701	488612	230024.5094	387185.8721	266952.1838
CHEBI:64424	C42H78NO8P	[H][C@@](COC(C)=O)(COP([O-])(=O)OCC[N+](C)(C)C)OC(C)=O		PC(34:3)	755.5449			positive	11.058784	NCBITAXON:http://purl.bioontology.org/ontology/NCBITAXON/10090	Mus musculus										143880.6048	119010	156454	131081	127030.9584	71374.70404	139135	138200	62076.0125	63324.48359	0	0	73651	0	0	0	0	0	0	0
CHEBI:141527	C47H68O5	C(O*)C(O*)CO*		DG(44:12)	712.5059			positive	11.15499	NCBITAXON:http://purl.bioontology.org/ontology/NCBITAXON/10090	Mus musculus										16560	0	0	0	0	66578.99174	71107	69387	65753.23918	61554	0	0	0	0	0	57627.20478	33811	66498	42986.60956	16810.63719
				FMC-5(d40:1)	993.7099			positive	11.368047	NCBITAXON:http://purl.bioontology.org/ontology/NCBITAXON/10090	Mus musculus										520613	405177	432468	362373	315210	482888	400541	316450	342011	371296	286450	194861	285086	193499	235850	367021	249374	190802	76095	94942
